tag,class_name,subtype,feature,median_gap_iqr
v110_hybrid,good,good_clean_core,raw_rms,-0.13806781036004867
v110_hybrid,good,good_clean_core,raw_ptp_p99_p01,-0.5138236481827797
v110_hybrid,good,good_clean_core,raw_diff_abs_p95,0.3233301322152095
v110_hybrid,good,good_clean_core,rms,-2.1130720694898355
v110_hybrid,good,good_clean_core,std,-2.073552024675197
v110_hybrid,good,good_clean_core,mean_abs,-2.341633278264716
v110_hybrid,good,good_clean_core,ptp_p99_p01,-1.9243393265773923
v110_hybrid,good,good_clean_core,low_amp_ratio,-0.8611111111111116
v110_hybrid,good,good_clean_core,flatline_ratio,-0.21698113207547182
v110_hybrid,good,good_clean_core,contact_loss_win_ratio,0.0
v110_hybrid,good,good_clean_core,baseline_step,-1.6327444272086296
v110_hybrid,good,good_clean_core,diff_abs_p95,-1.088287135888362
v110_hybrid,good,good_clean_core,detail_instability,-2.8499447508238522
v110_hybrid,good,good_clean_core,qrs_band_ratio,-2.4309986890276076
v110_hybrid,good,good_clean_core,qrs_visibility,0.0
v110_hybrid,good,good_clean_core,qrs_prom_median,-1.4124523380968528
v110_hybrid,good,good_clean_core,qrs_prom_p90,-1.5722388653559973
v110_hybrid,good,good_clean_core,periodicity,-1.0207962682559584
v110_hybrid,good,good_clean_core,template_corr,1.0554731486923017
v110_hybrid,good,good_clean_core,detector_agreement,2.5000000894069725
v110_hybrid,good,good_clean_core,non_qrs_rms_ratio,-5.543905988074277
v110_hybrid,good,good_clean_core,non_qrs_diff_p95,-1.088287135888362
v110_hybrid,good,good_clean_core,band_0p3_1,-0.6786106703899276
v110_hybrid,good,good_clean_core,band_1_5,-6.629512312821261
v110_hybrid,good,good_clean_core,band_5_15,-8.451620949083335
v110_hybrid,good,good_clean_core,band_15_30,-3.606744234426876
v110_hybrid,good,good_clean_core,band_30_45,-1.2818577015395454
v110_hybrid,good,good_clean_core,sqi_iSQI,2.5000000894069725
v110_hybrid,good,good_clean_core,sqi_bSQI,0.9041630994319415
v110_hybrid,good,good_clean_core,sqi_pSQI,0.0
v110_hybrid,good,good_clean_core,sqi_sSQI,2.9926906153376587
v110_hybrid,good,good_clean_core,sqi_kSQI,-0.7729279515093669
v110_hybrid,good,good_clean_core,sqi_fSQI,0.3477371227931131
v110_hybrid,good,good_clean_core,sqi_basSQI,2.5739826293501546
v110_hybrid,good,good_clean_core,hjorth_activity,-1.5156295477723825
v110_hybrid,good,good_clean_core,hjorth_mobility,-4.606514865886795
v110_hybrid,good,good_clean_core,hjorth_complexity,2.572665735321526
v110_hybrid,good,good_clean_core,sample_entropy_proxy,-2.9926906153376587
v110_hybrid,good,good_clean_core,amplitude_entropy,0.7729279515093681
v110_hybrid,good,good_clean_core,wavelet_e0,5.986483318048485
v110_hybrid,good,good_clean_core,wavelet_e1,0.5023846794057956
v110_hybrid,good,good_clean_core,wavelet_e2,-1.001232756770331
v110_hybrid,good,good_clean_core,wavelet_e3,-3.604863916756382
v110_hybrid,good,good_clean_core,wavelet_e4,-1.2404577797774
v110_hybrid,good,good_overlap_boundary,raw_rms,0.038952386408570586
v110_hybrid,good,good_overlap_boundary,raw_ptp_p99_p01,-0.0807867960993502
v110_hybrid,good,good_overlap_boundary,raw_diff_abs_p95,-0.11357872419610979
v110_hybrid,good,good_overlap_boundary,rms,-1.6372559417262935
v110_hybrid,good,good_overlap_boundary,std,-1.6779486045980785
v110_hybrid,good,good_overlap_boundary,mean_abs,-1.380134077743047
v110_hybrid,good,good_overlap_boundary,ptp_p99_p01,-1.4846195961558157
v110_hybrid,good,good_overlap_boundary,low_amp_ratio,-0.5555555555555557
v110_hybrid,good,good_overlap_boundary,flatline_ratio,0.12765957446808449
v110_hybrid,good,good_overlap_boundary,contact_loss_win_ratio,0.0
v110_hybrid,good,good_overlap_boundary,baseline_step,-1.3548847699875781
v110_hybrid,good,good_overlap_boundary,diff_abs_p95,-0.49612690087698436
v110_hybrid,good,good_overlap_boundary,detail_instability,-1.1995975467920421
v110_hybrid,good,good_overlap_boundary,qrs_band_ratio,-1.7664423879901348
v110_hybrid,good,good_overlap_boundary,qrs_visibility,0.0
v110_hybrid,good,good_overlap_boundary,qrs_prom_median,-0.9619643569674476
v110_hybrid,good,good_overlap_boundary,qrs_prom_p90,-1.3255949012674462
v110_hybrid,good,good_overlap_boundary,periodicity,-0.30090226258896097
v110_hybrid,good,good_overlap_boundary,template_corr,0.25332321016631676
v110_hybrid,good,good_overlap_boundary,detector_agreement,0.6666666000000001
v110_hybrid,good,good_overlap_boundary,non_qrs_rms_ratio,-0.9096382641745654
v110_hybrid,good,good_overlap_boundary,non_qrs_diff_p95,-0.49612690087698436
v110_hybrid,good,good_overlap_boundary,band_0p3_1,-0.296333988655751
v110_hybrid,good,good_overlap_boundary,band_1_5,-2.5580349256672443
v110_hybrid,good,good_overlap_boundary,band_5_15,-4.722796112818634
v110_hybrid,good,good_overlap_boundary,band_15_30,-1.291146714780278
v110_hybrid,good,good_overlap_boundary,band_30_45,-0.878719399251126
v110_hybrid,good,good_overlap_boundary,sqi_iSQI,0.6666666000000001
v110_hybrid,good,good_overlap_boundary,sqi_bSQI,0.18232762754249113
v110_hybrid,good,good_overlap_boundary,sqi_pSQI,0.0
v110_hybrid,good,good_overlap_boundary,sqi_sSQI,1.3913650150102
v110_hybrid,good,good_overlap_boundary,sqi_kSQI,-0.5254613423975387
v110_hybrid,good,good_overlap_boundary,sqi_fSQI,0.25825549315194996
v110_hybrid,good,good_overlap_boundary,sqi_basSQI,1.7680350785304753
v110_hybrid,good,good_overlap_boundary,hjorth_activity,-1.3544015777930523
v110_hybrid,good,good_overlap_boundary,hjorth_mobility,-1.6160260968300322
v110_hybrid,good,good_overlap_boundary,hjorth_complexity,0.7029419616070075
v110_hybrid,good,good_overlap_boundary,sample_entropy_proxy,-1.3913650150101977
v110_hybrid,good,good_overlap_boundary,amplitude_entropy,0.5254612627721719
v110_hybrid,good,good_overlap_boundary,wavelet_e0,1.0722662025353056
v110_hybrid,good,good_overlap_boundary,wavelet_e1,0.6132062342193069
v110_hybrid,good,good_overlap_boundary,wavelet_e2,-0.3858391575009352
v110_hybrid,good,good_overlap_boundary,wavelet_e3,-1.2662749998645473
v110_hybrid,good,good_overlap_boundary,wavelet_e4,-0.9358377352752933
v110_hybrid,good,good_isolated_low_purity,raw_rms,-0.10623795424247866
v110_hybrid,good,good_isolated_low_purity,raw_ptp_p99_p01,-0.23484127625641033
v110_hybrid,good,good_isolated_low_purity,raw_diff_abs_p95,-0.52992772783329
v110_hybrid,good,good_isolated_low_purity,rms,-0.796830961769917
v110_hybrid,good,good_isolated_low_purity,std,-0.8221253278501491
v110_hybrid,good,good_isolated_low_purity,mean_abs,-0.5825673714830277
v110_hybrid,good,good_isolated_low_purity,ptp_p99_p01,-0.635496536622196
v110_hybrid,good,good_isolated_low_purity,low_amp_ratio,-0.2054794520547948
v110_hybrid,good,good_isolated_low_purity,flatline_ratio,0.9295774647887319
v110_hybrid,good,good_isolated_low_purity,contact_loss_win_ratio,0.0
v110_hybrid,good,good_isolated_low_purity,baseline_step,-0.48168820025279985
v110_hybrid,good,good_isolated_low_purity,diff_abs_p95,-0.8128740194614192
v110_hybrid,good,good_isolated_low_purity,detail_instability,-0.7344139855364007
v110_hybrid,good,good_isolated_low_purity,qrs_band_ratio,-1.1328531557715216
v110_hybrid,good,good_isolated_low_purity,qrs_visibility,0.0
v110_hybrid,good,good_isolated_low_purity,qrs_prom_median,-0.3366485071504895
v110_hybrid,good,good_isolated_low_purity,qrs_prom_p90,-0.5410915771142825
v110_hybrid,good,good_isolated_low_purity,periodicity,-0.5121821333531673
v110_hybrid,good,good_isolated_low_purity,template_corr,-0.38466566836882077
v110_hybrid,good,good_isolated_low_purity,detector_agreement,0.3333333730697632
v110_hybrid,good,good_isolated_low_purity,non_qrs_rms_ratio,-0.7138331424345421
v110_hybrid,good,good_isolated_low_purity,non_qrs_diff_p95,-0.8128740194614192
v110_hybrid,good,good_isolated_low_purity,band_0p3_1,-0.683915077254926
v110_hybrid,good,good_isolated_low_purity,band_1_5,-2.456456820827183
v110_hybrid,good,good_isolated_low_purity,band_5_15,-6.083598965758856
v110_hybrid,good,good_isolated_low_purity,band_15_30,-1.111455655623043
v110_hybrid,good,good_isolated_low_purity,band_30_45,-0.5645241235466798
v110_hybrid,good,good_isolated_low_purity,sqi_iSQI,0.3333333730697632
v110_hybrid,good,good_isolated_low_purity,sqi_bSQI,-1.0607494763679581
v110_hybrid,good,good_isolated_low_purity,sqi_pSQI,0.0
v110_hybrid,good,good_isolated_low_purity,sqi_sSQI,0.9412223495394018
v110_hybrid,good,good_isolated_low_purity,sqi_kSQI,-0.6600097102173519
v110_hybrid,good,good_isolated_low_purity,sqi_fSQI,-0.2861256712384537
v110_hybrid,good,good_isolated_low_purity,sqi_basSQI,0.5375080331534033
v110_hybrid,good,good_isolated_low_purity,hjorth_activity,-0.7237948869167116
v110_hybrid,good,good_isolated_low_purity,hjorth_mobility,-1.0642017431187132
v110_hybrid,good,good_isolated_low_purity,hjorth_complexity,0.6038358387398446
v110_hybrid,good,good_isolated_low_purity,sample_entropy_proxy,-0.9412223495394018
v110_hybrid,good,good_isolated_low_purity,amplitude_entropy,0.6600097102173527
v110_hybrid,good,good_isolated_low_purity,wavelet_e0,1.227306574801098
v110_hybrid,good,good_isolated_low_purity,wavelet_e1,0.35659420719677926
v110_hybrid,good,good_isolated_low_purity,wavelet_e2,-0.28345828427512
v110_hybrid,good,good_isolated_low_purity,wavelet_e3,-0.7470835381730462
v110_hybrid,good,good_isolated_low_purity,wavelet_e4,-0.5479905963360499
v110_hybrid,good,good_mild_artifact_outlier,raw_rms,-0.5136300915860976
v110_hybrid,good,good_mild_artifact_outlier,raw_ptp_p99_p01,-0.41579136544173106
v110_hybrid,good,good_mild_artifact_outlier,raw_diff_abs_p95,-0.6157959203600457
v110_hybrid,good,good_mild_artifact_outlier,rms,-0.6435636564163952
v110_hybrid,good,good_mild_artifact_outlier,std,-0.6362879058408644
v110_hybrid,good,good_mild_artifact_outlier,mean_abs,-0.6229255219395068
v110_hybrid,good,good_mild_artifact_outlier,ptp_p99_p01,-0.4579273916260403
v110_hybrid,good,good_mild_artifact_outlier,low_amp_ratio,-0.2857142857142858
v110_hybrid,good,good_mild_artifact_outlier,flatline_ratio,0.7556818181818177
v110_hybrid,good,good_mild_artifact_outlier,contact_loss_win_ratio,0.0
v110_hybrid,good,good_mild_artifact_outlier,baseline_step,-0.5399475084357676
v110_hybrid,good,good_mild_artifact_outlier,diff_abs_p95,-0.6422112126669764
v110_hybrid,good,good_mild_artifact_outlier,detail_instability,-0.8086155072971326
v110_hybrid,good,good_mild_artifact_outlier,qrs_band_ratio,-0.6968860323983732
v110_hybrid,good,good_mild_artifact_outlier,qrs_visibility,0.0
v110_hybrid,good,good_mild_artifact_outlier,qrs_prom_median,-0.7868001687665067
v110_hybrid,good,good_mild_artifact_outlier,qrs_prom_p90,-0.3858044750587155
v110_hybrid,good,good_mild_artifact_outlier,periodicity,-0.3744115257235448
v110_hybrid,good,good_mild_artifact_outlier,template_corr,-0.39723226073556944
v110_hybrid,good,good_mild_artifact_outlier,detector_agreement,0.24999993294477663
v110_hybrid,good,good_mild_artifact_outlier,non_qrs_rms_ratio,-1.2130819047367298
v110_hybrid,good,good_mild_artifact_outlier,non_qrs_diff_p95,-0.6422112126669764
v110_hybrid,good,good_mild_artifact_outlier,band_0p3_1,-0.3330994831733105
v110_hybrid,good,good_mild_artifact_outlier,band_1_5,-2.846099071017965
v110_hybrid,good,good_mild_artifact_outlier,band_5_15,-3.8381572640792707
v110_hybrid,good,good_mild_artifact_outlier,band_15_30,-1.2406099914101696
v110_hybrid,good,good_mild_artifact_outlier,band_30_45,-0.9901162624427516
v110_hybrid,good,good_mild_artifact_outlier,sqi_iSQI,0.24999993294477663
v110_hybrid,good,good_mild_artifact_outlier,sqi_bSQI,-0.5360808777641893
v110_hybrid,good,good_mild_artifact_outlier,sqi_pSQI,0.0
v110_hybrid,good,good_mild_artifact_outlier,sqi_sSQI,0.7638772967914746
v110_hybrid,good,good_mild_artifact_outlier,sqi_kSQI,-0.4820875731170181
v110_hybrid,good,good_mild_artifact_outlier,sqi_fSQI,0.39502040540002614
v110_hybrid,good,good_mild_artifact_outlier,sqi_basSQI,0.5972703497847978
v110_hybrid,good,good_mild_artifact_outlier,hjorth_activity,-0.5648184682590195
v110_hybrid,good,good_mild_artifact_outlier,hjorth_mobility,-1.7293527506024782
v110_hybrid,good,good_mild_artifact_outlier,hjorth_complexity,0.8782704592294569
v110_hybrid,good,good_mild_artifact_outlier,sample_entropy_proxy,-0.7638770094699122
v110_hybrid,good,good_mild_artifact_outlier,amplitude_entropy,0.48208786047684415
v110_hybrid,good,good_mild_artifact_outlier,wavelet_e0,1.0117565228655958
v110_hybrid,good,good_mild_artifact_outlier,wavelet_e1,1.6071203121883595
v110_hybrid,good,good_mild_artifact_outlier,wavelet_e2,-0.4543705996730509
v110_hybrid,good,good_mild_artifact_outlier,wavelet_e3,-1.5787180669738459
v110_hybrid,good,good_mild_artifact_outlier,wavelet_e4,-0.9575223400557474
v110_hybrid,good,good_hard_baseline_lowqrs,raw_rms,-0.22830293177696684
v110_hybrid,good,good_hard_baseline_lowqrs,raw_ptp_p99_p01,0.13089865035981868
v110_hybrid,good,good_hard_baseline_lowqrs,raw_diff_abs_p95,2.9407739225748224
v110_hybrid,good,good_hard_baseline_lowqrs,rms,0.18329320645858188
v110_hybrid,good,good_hard_baseline_lowqrs,std,0.19091258514497747
v110_hybrid,good,good_hard_baseline_lowqrs,mean_abs,0.18707997857634384
v110_hybrid,good,good_hard_baseline_lowqrs,ptp_p99_p01,0.2699745203400917
v110_hybrid,good,good_hard_baseline_lowqrs,low_amp_ratio,-0.3260869565217394
v110_hybrid,good,good_hard_baseline_lowqrs,flatline_ratio,-0.8802816901408455
v110_hybrid,good,good_hard_baseline_lowqrs,contact_loss_win_ratio,0.0
v110_hybrid,good,good_hard_baseline_lowqrs,baseline_step,0.14059671325744444
v110_hybrid,good,good_hard_baseline_lowqrs,diff_abs_p95,1.8788772386519892
v110_hybrid,good,good_hard_baseline_lowqrs,detail_instability,-0.5514257236428117
v110_hybrid,good,good_hard_baseline_lowqrs,qrs_band_ratio,0.031664375317739746
v110_hybrid,good,good_hard_baseline_lowqrs,qrs_visibility,0.0
v110_hybrid,good,good_hard_baseline_lowqrs,qrs_prom_median,-0.026458335391740417
v110_hybrid,good,good_hard_baseline_lowqrs,qrs_prom_p90,0.1535341115088798
v110_hybrid,good,good_hard_baseline_lowqrs,periodicity,0.7185060860069488
v110_hybrid,good,good_hard_baseline_lowqrs,template_corr,-0.09087349236634415
v110_hybrid,good,good_hard_baseline_lowqrs,detector_agreement,-1.0
v110_hybrid,good,good_hard_baseline_lowqrs,non_qrs_rms_ratio,0.8692975820959509
v110_hybrid,good,good_hard_baseline_lowqrs,non_qrs_diff_p95,1.8788772386519892
v110_hybrid,good,good_hard_baseline_lowqrs,band_0p3_1,-1.3692181198213447
v110_hybrid,good,good_hard_baseline_lowqrs,band_1_5,-4.5642096787055015
v110_hybrid,good,good_hard_baseline_lowqrs,band_5_15,-3.0267027584157558
v110_hybrid,good,good_hard_baseline_lowqrs,band_15_30,0.6053759049888255
v110_hybrid,good,good_hard_baseline_lowqrs,band_30_45,0.35822917636811935
v110_hybrid,good,good_hard_baseline_lowqrs,sqi_iSQI,-1.0
v110_hybrid,good,good_hard_baseline_lowqrs,sqi_bSQI,-0.7546920781489499
v110_hybrid,good,good_hard_baseline_lowqrs,sqi_pSQI,0.0
v110_hybrid,good,good_hard_baseline_lowqrs,sqi_sSQI,-0.42828919446900304
v110_hybrid,good,good_hard_baseline_lowqrs,sqi_kSQI,-0.5391289880405687
v110_hybrid,good,good_hard_baseline_lowqrs,sqi_fSQI,-0.16673740970586293
v110_hybrid,good,good_hard_baseline_lowqrs,sqi_basSQI,-0.14625670183260062
v110_hybrid,good,good_hard_baseline_lowqrs,hjorth_activity,0.18146735521107255
v110_hybrid,good,good_hard_baseline_lowqrs,hjorth_mobility,0.5503565241486088
v110_hybrid,good,good_hard_baseline_lowqrs,hjorth_complexity,-0.5484325551930331
v110_hybrid,good,good_hard_baseline_lowqrs,sample_entropy_proxy,0.4282891052639493
v110_hybrid,good,good_hard_baseline_lowqrs,amplitude_entropy,0.5391287826219137
v110_hybrid,good,good_hard_baseline_lowqrs,wavelet_e0,-1.0046522367181865
v110_hybrid,good,good_hard_baseline_lowqrs,wavelet_e1,-1.1194165125430497
v110_hybrid,good,good_hard_baseline_lowqrs,wavelet_e2,1.2159749414358947
v110_hybrid,good,good_hard_baseline_lowqrs,wavelet_e3,0.6442286395076401
v110_hybrid,good,good_hard_baseline_lowqrs,wavelet_e4,0.22665884149836432
v110_hybrid,medium,medium_clean_core,raw_rms,0.1305474493076364
v110_hybrid,medium,medium_clean_core,raw_ptp_p99_p01,-0.16492373473221295
v110_hybrid,medium,medium_clean_core,raw_diff_abs_p95,-0.2836374582400467
v110_hybrid,medium,medium_clean_core,rms,-0.2579239518970796
v110_hybrid,medium,medium_clean_core,std,-0.2615124677585126
v110_hybrid,medium,medium_clean_core,mean_abs,-0.1542293842969562
v110_hybrid,medium,medium_clean_core,ptp_p99_p01,-0.2678543248117632
v110_hybrid,medium,medium_clean_core,low_amp_ratio,0.04255319148936193
v110_hybrid,medium,medium_clean_core,flatline_ratio,0.7741935483870942
v110_hybrid,medium,medium_clean_core,contact_loss_win_ratio,0.0
v110_hybrid,medium,medium_clean_core,baseline_step,-0.2421176492952668
v110_hybrid,medium,medium_clean_core,diff_abs_p95,-0.3686804571218835
v110_hybrid,medium,medium_clean_core,detail_instability,0.2067194607627071
v110_hybrid,medium,medium_clean_core,qrs_band_ratio,-0.31054761271207515
v110_hybrid,medium,medium_clean_core,qrs_visibility,0.0
v110_hybrid,medium,medium_clean_core,qrs_prom_median,-0.16864884352846504
v110_hybrid,medium,medium_clean_core,qrs_prom_p90,-0.21897577010206917
v110_hybrid,medium,medium_clean_core,periodicity,-0.6137805216907088
v110_hybrid,medium,medium_clean_core,template_corr,0.022282244151727238
v110_hybrid,medium,medium_clean_core,detector_agreement,-4.0395353857076126e-08
v110_hybrid,medium,medium_clean_core,non_qrs_rms_ratio,0.02843382253660019
v110_hybrid,medium,medium_clean_core,non_qrs_diff_p95,-0.3686804571218835
v110_hybrid,medium,medium_clean_core,band_0p3_1,-0.8510564516761538
v110_hybrid,medium,medium_clean_core,band_1_5,-2.416739343107795
v110_hybrid,medium,medium_clean_core,band_5_15,-3.634649338568868
v110_hybrid,medium,medium_clean_core,band_15_30,-0.003926968428784388
v110_hybrid,medium,medium_clean_core,band_30_45,-0.5183295699697851
v110_hybrid,medium,medium_clean_core,sqi_iSQI,-4.0395353857076126e-08
v110_hybrid,medium,medium_clean_core,sqi_bSQI,-0.9039844923328736
v110_hybrid,medium,medium_clean_core,sqi_pSQI,0.0
v110_hybrid,medium,medium_clean_core,sqi_sSQI,0.3214877968963096
v110_hybrid,medium,medium_clean_core,sqi_kSQI,0.006766625676026714
v110_hybrid,medium,medium_clean_core,sqi_fSQI,0.5140093717964167
v110_hybrid,medium,medium_clean_core,sqi_basSQI,0.2503871335225782
v110_hybrid,medium,medium_clean_core,hjorth_activity,-0.24949360621026845
v110_hybrid,medium,medium_clean_core,hjorth_mobility,-0.39357264908088596
v110_hybrid,medium,medium_clean_core,hjorth_complexity,-0.3255222874338389
v110_hybrid,medium,medium_clean_core,sample_entropy_proxy,-0.3214877968963096
v110_hybrid,medium,medium_clean_core,amplitude_entropy,-0.00676632891365096
v110_hybrid,medium,medium_clean_core,wavelet_e0,-0.18260935283538654
v110_hybrid,medium,medium_clean_core,wavelet_e1,0.38647445552045623
v110_hybrid,medium,medium_clean_core,wavelet_e2,-0.052021586985533504
v110_hybrid,medium,medium_clean_core,wavelet_e3,-0.2691152490775229
v110_hybrid,medium,medium_clean_core,wavelet_e4,-0.5787034126286195
v110_hybrid,medium,medium_overlap_boundary,raw_rms,0.17582826618394873
v110_hybrid,medium,medium_overlap_boundary,raw_ptp_p99_p01,0.005220479791747901
v110_hybrid,medium,medium_overlap_boundary,raw_diff_abs_p95,-0.1120884193930659
v110_hybrid,medium,medium_overlap_boundary,rms,-0.3344569260266324
v110_hybrid,medium,medium_overlap_boundary,std,-0.3418103910722247
v110_hybrid,medium,medium_overlap_boundary,mean_abs,-0.3194137798598776
v110_hybrid,medium,medium_overlap_boundary,ptp_p99_p01,-0.29202474581545557
v110_hybrid,medium,medium_overlap_boundary,low_amp_ratio,-0.1250000000000001
v110_hybrid,medium,medium_overlap_boundary,flatline_ratio,0.8249999999999986
v110_hybrid,medium,medium_overlap_boundary,contact_loss_win_ratio,0.0
v110_hybrid,medium,medium_overlap_boundary,baseline_step,-0.36765108744053776
v110_hybrid,medium,medium_overlap_boundary,diff_abs_p95,-0.37956995744417005
v110_hybrid,medium,medium_overlap_boundary,detail_instability,-0.12328152960804818
v110_hybrid,medium,medium_overlap_boundary,qrs_band_ratio,-0.4088274319887814
v110_hybrid,medium,medium_overlap_boundary,qrs_visibility,0.0
v110_hybrid,medium,medium_overlap_boundary,qrs_prom_median,-0.2526999570527758
v110_hybrid,medium,medium_overlap_boundary,qrs_prom_p90,-0.28152644939546817
v110_hybrid,medium,medium_overlap_boundary,periodicity,-0.5910239753858919
v110_hybrid,medium,medium_overlap_boundary,template_corr,-0.28481746481031384
v110_hybrid,medium,medium_overlap_boundary,detector_agreement,0.40000008953674515
v110_hybrid,medium,medium_overlap_boundary,non_qrs_rms_ratio,-0.23782800268645155
v110_hybrid,medium,medium_overlap_boundary,non_qrs_diff_p95,-0.37956995744417005
v110_hybrid,medium,medium_overlap_boundary,band_0p3_1,-0.49224881504150997
v110_hybrid,medium,medium_overlap_boundary,band_1_5,-1.9308465421922314
v110_hybrid,medium,medium_overlap_boundary,band_5_15,-2.884973921443134
v110_hybrid,medium,medium_overlap_boundary,band_15_30,-0.41215046094374197
v110_hybrid,medium,medium_overlap_boundary,band_30_45,-0.5337385326517048
v110_hybrid,medium,medium_overlap_boundary,sqi_iSQI,0.40000008953674515
v110_hybrid,medium,medium_overlap_boundary,sqi_bSQI,-0.4262614828180242
v110_hybrid,medium,medium_overlap_boundary,sqi_pSQI,0.0
v110_hybrid,medium,medium_overlap_boundary,sqi_sSQI,0.2701244654012482
v110_hybrid,medium,medium_overlap_boundary,sqi_kSQI,-0.09203478846633717
v110_hybrid,medium,medium_overlap_boundary,sqi_fSQI,0.5222666509665473
v110_hybrid,medium,medium_overlap_boundary,sqi_basSQI,0.4057635953314307
v110_hybrid,medium,medium_overlap_boundary,hjorth_activity,-0.3074613323916188
v110_hybrid,medium,medium_overlap_boundary,hjorth_mobility,-0.5091737059896391
v110_hybrid,medium,medium_overlap_boundary,hjorth_complexity,0.04924876165327447
v110_hybrid,medium,medium_overlap_boundary,sample_entropy_proxy,-0.2701244654012477
v110_hybrid,medium,medium_overlap_boundary,amplitude_entropy,0.09203436150649989
v110_hybrid,medium,medium_overlap_boundary,wavelet_e0,0.19406803305412249
v110_hybrid,medium,medium_overlap_boundary,wavelet_e1,0.3880650697417372
v110_hybrid,medium,medium_overlap_boundary,wavelet_e2,-0.2254092845063273
v110_hybrid,medium,medium_overlap_boundary,wavelet_e3,-0.5207132173904134
v110_hybrid,medium,medium_overlap_boundary,wavelet_e4,-0.523902524420743
v110_hybrid,medium,medium_isolated_lowqrs,raw_rms,0.057962280568948914
v110_hybrid,medium,medium_isolated_lowqrs,raw_ptp_p99_p01,0.09892352581755512
v110_hybrid,medium,medium_isolated_lowqrs,raw_diff_abs_p95,0.5474170115369432
v110_hybrid,medium,medium_isolated_lowqrs,rms,-0.11689920823985256
v110_hybrid,medium,medium_isolated_lowqrs,std,-0.0689450265248145
v110_hybrid,medium,medium_isolated_lowqrs,mean_abs,0.025879758718461945
v110_hybrid,medium,medium_isolated_lowqrs,ptp_p99_p01,-0.19091795427204278
v110_hybrid,medium,medium_isolated_lowqrs,low_amp_ratio,0.10000000000000026
v110_hybrid,medium,medium_isolated_lowqrs,flatline_ratio,-0.27857142857142875
v110_hybrid,medium,medium_isolated_lowqrs,contact_loss_win_ratio,-0.12765957446808507
v110_hybrid,medium,medium_isolated_lowqrs,baseline_step,-0.1037268413353179
v110_hybrid,medium,medium_isolated_lowqrs,diff_abs_p95,0.4561612989933706
v110_hybrid,medium,medium_isolated_lowqrs,detail_instability,-0.2468278692359617
v110_hybrid,medium,medium_isolated_lowqrs,qrs_band_ratio,-0.22325235689584483
v110_hybrid,medium,medium_isolated_lowqrs,qrs_visibility,-0.12442975445352251
v110_hybrid,medium,medium_isolated_lowqrs,qrs_prom_median,-0.11547500296362342
v110_hybrid,medium,medium_isolated_lowqrs,qrs_prom_p90,-0.1897987524794879
v110_hybrid,medium,medium_isolated_lowqrs,periodicity,-0.2332809450601088
v110_hybrid,medium,medium_isolated_lowqrs,template_corr,0.02832078451606047
v110_hybrid,medium,medium_isolated_lowqrs,detector_agreement,-0.33333338013178215
v110_hybrid,medium,medium_isolated_lowqrs,non_qrs_rms_ratio,0.0181526591497884
v110_hybrid,medium,medium_isolated_lowqrs,non_qrs_diff_p95,0.4561612989933706
v110_hybrid,medium,medium_isolated_lowqrs,band_0p3_1,-2.3010281594250874
v110_hybrid,medium,medium_isolated_lowqrs,band_1_5,-1.6547132057544032
v110_hybrid,medium,medium_isolated_lowqrs,band_5_15,-0.9822277409808159
v110_hybrid,medium,medium_isolated_lowqrs,band_15_30,-0.5928055021998305
v110_hybrid,medium,medium_isolated_lowqrs,band_30_45,-0.547279852611747
v110_hybrid,medium,medium_isolated_lowqrs,sqi_iSQI,-0.33333338013178215
v110_hybrid,medium,medium_isolated_lowqrs,sqi_bSQI,-0.8493289862314592
v110_hybrid,medium,medium_isolated_lowqrs,sqi_pSQI,0.0
v110_hybrid,medium,medium_isolated_lowqrs,sqi_sSQI,-0.04290011667551392
v110_hybrid,medium,medium_isolated_lowqrs,sqi_kSQI,-0.12878510891589115
v110_hybrid,medium,medium_isolated_lowqrs,sqi_fSQI,-0.2477018521082858
v110_hybrid,medium,medium_isolated_lowqrs,sqi_basSQI,0.10697546949263739
v110_hybrid,medium,medium_isolated_lowqrs,hjorth_activity,-0.0658126230277905
v110_hybrid,medium,medium_isolated_lowqrs,hjorth_mobility,-0.4112023776577806
v110_hybrid,medium,medium_isolated_lowqrs,hjorth_complexity,-0.41667609336193717
v110_hybrid,medium,medium_isolated_lowqrs,sample_entropy_proxy,0.04289996340703505
v110_hybrid,medium,medium_isolated_lowqrs,amplitude_entropy,0.1287853758182602
v110_hybrid,medium,medium_isolated_lowqrs,wavelet_e0,-0.6685646838504749
v110_hybrid,medium,medium_isolated_lowqrs,wavelet_e1,1.5206166183022376
v110_hybrid,medium,medium_isolated_lowqrs,wavelet_e2,0.08146259674669182
v110_hybrid,medium,medium_isolated_lowqrs,wavelet_e3,-0.44384398283321996
v110_hybrid,medium,medium_isolated_lowqrs,wavelet_e4,-0.441178775034516
v110_hybrid,medium,medium_visible_qrs_detail,raw_rms,-0.009336598661241594
v110_hybrid,medium,medium_visible_qrs_detail,raw_ptp_p99_p01,0.07163520162035295
v110_hybrid,medium,medium_visible_qrs_detail,raw_diff_abs_p95,-0.4358713747724462
v110_hybrid,medium,medium_visible_qrs_detail,rms,-0.8088220496033166
v110_hybrid,medium,medium_visible_qrs_detail,std,-0.8276477453823172
v110_hybrid,medium,medium_visible_qrs_detail,mean_abs,-0.7403169158476658
v110_hybrid,medium,medium_visible_qrs_detail,ptp_p99_p01,-0.7474605165344409
v110_hybrid,medium,medium_visible_qrs_detail,low_amp_ratio,-0.07812500000000012
v110_hybrid,medium,medium_visible_qrs_detail,flatline_ratio,3.4166666666666643
v110_hybrid,medium,medium_visible_qrs_detail,contact_loss_win_ratio,0.0
v110_hybrid,medium,medium_visible_qrs_detail,baseline_step,-0.763476118248825
v110_hybrid,medium,medium_visible_qrs_detail,diff_abs_p95,-1.0485336946711035
v110_hybrid,medium,medium_visible_qrs_detail,detail_instability,0.6739354604200688
v110_hybrid,medium,medium_visible_qrs_detail,qrs_band_ratio,-1.4531098364539639
v110_hybrid,medium,medium_visible_qrs_detail,qrs_visibility,0.0
v110_hybrid,medium,medium_visible_qrs_detail,qrs_prom_median,-0.8387642903899097
v110_hybrid,medium,medium_visible_qrs_detail,qrs_prom_p90,-0.8574070855330187
v110_hybrid,medium,medium_visible_qrs_detail,periodicity,-1.1941442270018678
v110_hybrid,medium,medium_visible_qrs_detail,template_corr,-1.0980066370392472
v110_hybrid,medium,medium_visible_qrs_detail,detector_agreement,0.5000000850988361
v110_hybrid,medium,medium_visible_qrs_detail,non_qrs_rms_ratio,-1.6644884739739647
v110_hybrid,medium,medium_visible_qrs_detail,non_qrs_diff_p95,-1.0485336946711035
v110_hybrid,medium,medium_visible_qrs_detail,band_0p3_1,-0.7441683323848993
v110_hybrid,medium,medium_visible_qrs_detail,band_1_5,-2.9278028297941368
v110_hybrid,medium,medium_visible_qrs_detail,band_5_15,-6.934161692973694
v110_hybrid,medium,medium_visible_qrs_detail,band_15_30,-1.4013211440198812
v110_hybrid,medium,medium_visible_qrs_detail,band_30_45,-1.011634959399347
v110_hybrid,medium,medium_visible_qrs_detail,sqi_iSQI,0.5000000850988361
v110_hybrid,medium,medium_visible_qrs_detail,sqi_bSQI,-0.4440094282314565
v110_hybrid,medium,medium_visible_qrs_detail,sqi_pSQI,0.0
v110_hybrid,medium,medium_visible_qrs_detail,sqi_sSQI,0.6548799367883475
v110_hybrid,medium,medium_visible_qrs_detail,sqi_kSQI,-0.3381276673416787
v110_hybrid,medium,medium_visible_qrs_detail,sqi_fSQI,0.773905696951041
v110_hybrid,medium,medium_visible_qrs_detail,sqi_basSQI,0.8755781796786041
v110_hybrid,medium,medium_visible_qrs_detail,hjorth_activity,-0.7249325990410591
v110_hybrid,medium,medium_visible_qrs_detail,hjorth_mobility,-1.6518101464242365
v110_hybrid,medium,medium_visible_qrs_detail,hjorth_complexity,1.133482442416717
v110_hybrid,medium,medium_visible_qrs_detail,sample_entropy_proxy,-0.6548799367883475
v110_hybrid,medium,medium_visible_qrs_detail,amplitude_entropy,0.33812728555453986
v110_hybrid,medium,medium_visible_qrs_detail,wavelet_e0,1.558974149505559
v110_hybrid,medium,medium_visible_qrs_detail,wavelet_e1,0.741672911755786
v110_hybrid,medium,medium_visible_qrs_detail,wavelet_e2,-0.932078000278436
v110_hybrid,medium,medium_visible_qrs_detail,wavelet_e3,-1.3774897466317484
v110_hybrid,medium,medium_visible_qrs_detail,wavelet_e4,-0.976059069842283
v110_hybrid,medium,medium_outlier_or_bad_boundary,raw_rms,0.0776397656537317
v110_hybrid,medium,medium_outlier_or_bad_boundary,raw_ptp_p99_p01,-0.28394007995279374
v110_hybrid,medium,medium_outlier_or_bad_boundary,raw_diff_abs_p95,-0.07643401669043598
v110_hybrid,medium,medium_outlier_or_bad_boundary,rms,-1.1382698177579476
v110_hybrid,medium,medium_outlier_or_bad_boundary,std,-1.1746750447714975
v110_hybrid,medium,medium_outlier_or_bad_boundary,mean_abs,-0.9738331079647055
v110_hybrid,medium,medium_outlier_or_bad_boundary,ptp_p99_p01,-1.1674305033031442
v110_hybrid,medium,medium_outlier_or_bad_boundary,low_amp_ratio,-0.23404255319148945
v110_hybrid,medium,medium_outlier_or_bad_boundary,flatline_ratio,1.7435897435897432
v110_hybrid,medium,medium_outlier_or_bad_boundary,contact_loss_win_ratio,0.0
v110_hybrid,medium,medium_outlier_or_bad_boundary,baseline_step,-1.0978022565104018
v110_hybrid,medium,medium_outlier_or_bad_boundary,diff_abs_p95,-0.693031344106283
v110_hybrid,medium,medium_outlier_or_bad_boundary,detail_instability,-0.07276444213442759
v110_hybrid,medium,medium_outlier_or_bad_boundary,qrs_band_ratio,-6.8975080404818865
v110_hybrid,medium,medium_outlier_or_bad_boundary,qrs_visibility,0.0
v110_hybrid,medium,medium_outlier_or_bad_boundary,qrs_prom_median,-1.1694206694727225
v110_hybrid,medium,medium_outlier_or_bad_boundary,qrs_prom_p90,-1.2234230192541595
v110_hybrid,medium,medium_outlier_or_bad_boundary,periodicity,-0.49081998472959826
v110_hybrid,medium,medium_outlier_or_bad_boundary,template_corr,-0.6069570156204747
v110_hybrid,medium,medium_outlier_or_bad_boundary,detector_agreement,0.3333332000000002
v110_hybrid,medium,medium_outlier_or_bad_boundary,non_qrs_rms_ratio,-1.8689613276616837
v110_hybrid,medium,medium_outlier_or_bad_boundary,non_qrs_diff_p95,-0.693031344106283
v110_hybrid,medium,medium_outlier_or_bad_boundary,band_0p3_1,-0.44556105155065245
v110_hybrid,medium,medium_outlier_or_bad_boundary,band_1_5,-3.2654617663040844
v110_hybrid,medium,medium_outlier_or_bad_boundary,band_5_15,-4.148912201721884
v110_hybrid,medium,medium_outlier_or_bad_boundary,band_15_30,-2.1937305656039117
v110_hybrid,medium,medium_outlier_or_bad_boundary,band_30_45,-0.8535610566932855
v110_hybrid,medium,medium_outlier_or_bad_boundary,sqi_iSQI,0.3333332000000002
v110_hybrid,medium,medium_outlier_or_bad_boundary,sqi_bSQI,0.1407269557956045
v110_hybrid,medium,medium_outlier_or_bad_boundary,sqi_pSQI,0.0
v110_hybrid,medium,medium_outlier_or_bad_boundary,sqi_sSQI,2.2829755773493923
v110_hybrid,medium,medium_outlier_or_bad_boundary,sqi_kSQI,-0.11017250072811403
v110_hybrid,medium,medium_outlier_or_bad_boundary,sqi_fSQI,0.4414452211976367
v110_hybrid,medium,medium_outlier_or_bad_boundary,sqi_basSQI,1.4141431951326193
v110_hybrid,medium,medium_outlier_or_bad_boundary,hjorth_activity,-0.9581184647113299
v110_hybrid,medium,medium_outlier_or_bad_boundary,hjorth_mobility,-2.8371929511593925
v110_hybrid,medium,medium_outlier_or_bad_boundary,hjorth_complexity,1.7627842837291272
v110_hybrid,medium,medium_outlier_or_bad_boundary,sample_entropy_proxy,-2.2829755773493923
v110_hybrid,medium,medium_outlier_or_bad_boundary,amplitude_entropy,0.11017250072811569
v110_hybrid,medium,medium_outlier_or_bad_boundary,wavelet_e0,1.4142967123281358
v110_hybrid,medium,medium_outlier_or_bad_boundary,wavelet_e1,1.0851701761254349
v110_hybrid,medium,medium_outlier_or_bad_boundary,wavelet_e2,-0.5432259928706776
v110_hybrid,medium,medium_outlier_or_bad_boundary,wavelet_e3,-2.2764920078207815
v110_hybrid,medium,medium_outlier_or_bad_boundary,wavelet_e4,-0.8265164410112823
v110_hybrid,medium,medium_hard_baseline_lowqrs,raw_rms,-0.01645571622643914
v110_hybrid,medium,medium_hard_baseline_lowqrs,raw_ptp_p99_p01,-0.38473966696450446
v110_hybrid,medium,medium_hard_baseline_lowqrs,raw_diff_abs_p95,-0.5172462561769406
v110_hybrid,medium,medium_hard_baseline_lowqrs,rms,-0.34837328042582777
v110_hybrid,medium,medium_hard_baseline_lowqrs,std,-0.3113770454799814
v110_hybrid,medium,medium_hard_baseline_lowqrs,mean_abs,-0.17906880138930814
v110_hybrid,medium,medium_hard_baseline_lowqrs,ptp_p99_p01,-0.36338430416717654
v110_hybrid,medium,medium_hard_baseline_lowqrs,low_amp_ratio,-0.09803921568627459
v110_hybrid,medium,medium_hard_baseline_lowqrs,flatline_ratio,0.7632508833922251
v110_hybrid,medium,medium_hard_baseline_lowqrs,contact_loss_win_ratio,0.0
v110_hybrid,medium,medium_hard_baseline_lowqrs,baseline_step,-0.45421464783570975
v110_hybrid,medium,medium_hard_baseline_lowqrs,diff_abs_p95,-0.4845013495389779
v110_hybrid,medium,medium_hard_baseline_lowqrs,detail_instability,-0.25419692572367764
v110_hybrid,medium,medium_hard_baseline_lowqrs,qrs_band_ratio,-0.5451421194852852
v110_hybrid,medium,medium_hard_baseline_lowqrs,qrs_visibility,-0.8311115565085201
v110_hybrid,medium,medium_hard_baseline_lowqrs,qrs_prom_median,-0.39338670450529034
v110_hybrid,medium,medium_hard_baseline_lowqrs,qrs_prom_p90,-0.5191532855624553
v110_hybrid,medium,medium_hard_baseline_lowqrs,periodicity,-0.2627987301284656
v110_hybrid,medium,medium_hard_baseline_lowqrs,template_corr,0.5316607787822666
v110_hybrid,medium,medium_hard_baseline_lowqrs,detector_agreement,0.0
v110_hybrid,medium,medium_hard_baseline_lowqrs,non_qrs_rms_ratio,-0.7239582397449309
v110_hybrid,medium,medium_hard_baseline_lowqrs,non_qrs_diff_p95,-0.4845013495389779
v110_hybrid,medium,medium_hard_baseline_lowqrs,band_0p3_1,-1.9026211673083604
v110_hybrid,medium,medium_hard_baseline_lowqrs,band_1_5,-2.0957954226315523
v110_hybrid,medium,medium_hard_baseline_lowqrs,band_5_15,-3.211396642660515
v110_hybrid,medium,medium_hard_baseline_lowqrs,band_15_30,-1.2098904806753017
v110_hybrid,medium,medium_hard_baseline_lowqrs,band_30_45,-0.8019789581910692
v110_hybrid,medium,medium_hard_baseline_lowqrs,sqi_iSQI,0.0
v110_hybrid,medium,medium_hard_baseline_lowqrs,sqi_bSQI,-0.34284880507727594
v110_hybrid,medium,medium_hard_baseline_lowqrs,sqi_pSQI,0.0
v110_hybrid,medium,medium_hard_baseline_lowqrs,sqi_sSQI,0.7210243003798031
v110_hybrid,medium,medium_hard_baseline_lowqrs,sqi_kSQI,-0.029548292761952925
v110_hybrid,medium,medium_hard_baseline_lowqrs,sqi_fSQI,0.4578876581799214
v110_hybrid,medium,medium_hard_baseline_lowqrs,sqi_basSQI,0.5056800932094269
v110_hybrid,medium,medium_hard_baseline_lowqrs,hjorth_activity,-0.28230015114079604
v110_hybrid,medium,medium_hard_baseline_lowqrs,hjorth_mobility,-1.1052235439582536
v110_hybrid,medium,medium_hard_baseline_lowqrs,hjorth_complexity,0.4078370470268507
v110_hybrid,medium,medium_hard_baseline_lowqrs,sample_entropy_proxy,-0.7210243003798035
v110_hybrid,medium,medium_hard_baseline_lowqrs,amplitude_entropy,0.029548292761953452
v110_hybrid,medium,medium_hard_baseline_lowqrs,wavelet_e0,-0.7148165428076596
v110_hybrid,medium,medium_hard_baseline_lowqrs,wavelet_e1,2.0217268157279564
v110_hybrid,medium,medium_hard_baseline_lowqrs,wavelet_e2,-0.1954484824556977
v110_hybrid,medium,medium_hard_baseline_lowqrs,wavelet_e3,-1.751470615537963
v110_hybrid,medium,medium_hard_baseline_lowqrs,wavelet_e4,-0.9505615781290999
v110_hybrid,bad,bad_dense_right_island,raw_rms,-0.5143060137021345
v110_hybrid,bad,bad_dense_right_island,raw_ptp_p99_p01,0.6289865289420852
v110_hybrid,bad,bad_dense_right_island,raw_diff_abs_p95,-12.581263382898936
v110_hybrid,bad,bad_dense_right_island,rms,-2.8785760066271737
v110_hybrid,bad,bad_dense_right_island,std,-2.8956694373270517
v110_hybrid,bad,bad_dense_right_island,mean_abs,-2.8348734812804355
v110_hybrid,bad,bad_dense_right_island,ptp_p99_p01,-1.7891828816906747
v110_hybrid,bad,bad_dense_right_island,low_amp_ratio,-0.6250000000000002
v110_hybrid,bad,bad_dense_right_island,flatline_ratio,2.9999999999999796
v110_hybrid,bad,bad_dense_right_island,contact_loss_win_ratio,0.0
v110_hybrid,bad,bad_dense_right_island,baseline_step,3.7997554766257835
v110_hybrid,bad,bad_dense_right_island,diff_abs_p95,-9.20733289759167
v110_hybrid,bad,bad_dense_right_island,detail_instability,6.483328848195416
v110_hybrid,bad,bad_dense_right_island,qrs_band_ratio,-0.04764526171340875
v110_hybrid,bad,bad_dense_right_island,qrs_visibility,1.4136517976312657
v110_hybrid,bad,bad_dense_right_island,qrs_prom_median,-1.5699952988187076
v110_hybrid,bad,bad_dense_right_island,qrs_prom_p90,-0.35080025512360175
v110_hybrid,bad,bad_dense_right_island,periodicity,-0.7881727457971032
v110_hybrid,bad,bad_dense_right_island,template_corr,0.20088378210128935
v110_hybrid,bad,bad_dense_right_island,detector_agreement,16666.666999999998
v110_hybrid,bad,bad_dense_right_island,non_qrs_rms_ratio,18.38094872861624
v110_hybrid,bad,bad_dense_right_island,non_qrs_diff_p95,-9.20733289759167
v110_hybrid,bad,bad_dense_right_island,band_0p3_1,-1.6418730434520266
v110_hybrid,bad,bad_dense_right_island,band_1_5,-4.255236741179243
v110_hybrid,bad,bad_dense_right_island,band_5_15,-7.16061528987133
v110_hybrid,bad,bad_dense_right_island,band_15_30,0.7811009694907066
v110_hybrid,bad,bad_dense_right_island,band_30_45,4.408087288390578
v110_hybrid,bad,bad_dense_right_island,sqi_iSQI,16666.666999999998
v110_hybrid,bad,bad_dense_right_island,sqi_bSQI,-17.34314142662809
v110_hybrid,bad,bad_dense_right_island,sqi_pSQI,1.0584533447479658
v110_hybrid,bad,bad_dense_right_island,sqi_sSQI,-21.66718903931998
v110_hybrid,bad,bad_dense_right_island,sqi_kSQI,3.098763156357081
v110_hybrid,bad,bad_dense_right_island,sqi_fSQI,-3.741503325141436
v110_hybrid,bad,bad_dense_right_island,sqi_basSQI,-3.6641402912654772
v110_hybrid,bad,bad_dense_right_island,hjorth_activity,-2.738520169160648
v110_hybrid,bad,bad_dense_right_island,hjorth_mobility,-31.758971357609163
v110_hybrid,bad,bad_dense_right_island,hjorth_complexity,3.5124462431397627
v110_hybrid,bad,bad_dense_right_island,sample_entropy_proxy,21.66725471972238
v110_hybrid,bad,bad_dense_right_island,amplitude_entropy,-3.098763156357081
v110_hybrid,bad,bad_dense_right_island,wavelet_e0,0.4274326558782623
v110_hybrid,bad,bad_dense_right_island,wavelet_e1,-0.4466750395700991
v110_hybrid,bad,bad_dense_right_island,wavelet_e2,54.495655990743735
v110_hybrid,bad,bad_dense_right_island,wavelet_e3,-27.322290939916346
v110_hybrid,bad,bad_dense_right_island,wavelet_e4,-1.4648442186599435
v110_hybrid,bad,bad_detector_template_disagree,raw_rms,-0.5748312813700756
v110_hybrid,bad,bad_detector_template_disagree,raw_ptp_p99_p01,0.5780888832580204
v110_hybrid,bad,bad_detector_template_disagree,raw_diff_abs_p95,-11.672346578274178
v110_hybrid,bad,bad_detector_template_disagree,rms,-2.6544258095147684
v110_hybrid,bad,bad_detector_template_disagree,std,-2.6457521184724913
v110_hybrid,bad,bad_detector_template_disagree,mean_abs,-2.692883347596734
v110_hybrid,bad,bad_detector_template_disagree,ptp_p99_p01,-1.7030242612669757
v110_hybrid,bad,bad_detector_template_disagree,low_amp_ratio,-0.6875000000000013
v110_hybrid,bad,bad_detector_template_disagree,flatline_ratio,2.499999999999976
v110_hybrid,bad,bad_detector_template_disagree,contact_loss_win_ratio,0.0
v110_hybrid,bad,bad_detector_template_disagree,baseline_step,3.726016517892705
v110_hybrid,bad,bad_detector_template_disagree,diff_abs_p95,-9.093405350475548
v110_hybrid,bad,bad_detector_template_disagree,detail_instability,6.983157363579474
v110_hybrid,bad,bad_detector_template_disagree,qrs_band_ratio,-0.2789522358794379
v110_hybrid,bad,bad_detector_template_disagree,qrs_visibility,1.0042153907078444
v110_hybrid,bad,bad_detector_template_disagree,qrs_prom_median,-1.4468541079489174
v110_hybrid,bad,bad_detector_template_disagree,qrs_prom_p90,-0.2827641102688994
v110_hybrid,bad,bad_detector_template_disagree,periodicity,-0.5650439142558377
v110_hybrid,bad,bad_detector_template_disagree,template_corr,0.44846420214720545
v110_hybrid,bad,bad_detector_template_disagree,detector_agreement,16666.666999999998
v110_hybrid,bad,bad_detector_template_disagree,non_qrs_rms_ratio,15.06796347171807
v110_hybrid,bad,bad_detector_template_disagree,non_qrs_diff_p95,-9.093405350475548
v110_hybrid,bad,bad_detector_template_disagree,band_0p3_1,-1.579128674711702
v110_hybrid,bad,bad_detector_template_disagree,band_1_5,-4.3243630673947395
v110_hybrid,bad,bad_detector_template_disagree,band_5_15,-6.94413146123063
v110_hybrid,bad,bad_detector_template_disagree,band_15_30,0.9011373589881202
v110_hybrid,bad,bad_detector_template_disagree,band_30_45,4.662026111359976
v110_hybrid,bad,bad_detector_template_disagree,sqi_iSQI,16666.666999999998
v110_hybrid,bad,bad_detector_template_disagree,sqi_bSQI,-17.286780207553825
v110_hybrid,bad,bad_detector_template_disagree,sqi_pSQI,0.779554030675208
v110_hybrid,bad,bad_detector_template_disagree,sqi_sSQI,-21.765691107178075
v110_hybrid,bad,bad_detector_template_disagree,sqi_kSQI,2.8864626488301197
v110_hybrid,bad,bad_detector_template_disagree,sqi_fSQI,-3.686948163389636
v110_hybrid,bad,bad_detector_template_disagree,sqi_basSQI,-3.593921189472832
v110_hybrid,bad,bad_detector_template_disagree,hjorth_activity,-2.4916441443538373
v110_hybrid,bad,bad_detector_template_disagree,hjorth_mobility,-31.80077411669864
v110_hybrid,bad,bad_detector_template_disagree,hjorth_complexity,3.593942962197829
v110_hybrid,bad,bad_detector_template_disagree,sample_entropy_proxy,21.765706561780874
v110_hybrid,bad,bad_detector_template_disagree,amplitude_entropy,-2.886462648830114
v110_hybrid,bad,bad_detector_template_disagree,wavelet_e0,0.4342643489225762
v110_hybrid,bad,bad_detector_template_disagree,wavelet_e1,-0.43227965922047856
v110_hybrid,bad,bad_detector_template_disagree,wavelet_e2,52.60128077240397
v110_hybrid,bad,bad_detector_template_disagree,wavelet_e3,-24.008476532544183
v110_hybrid,bad,bad_detector_template_disagree,wavelet_e4,-0.9150807160759965
v110_hybrid,bad,bad_baseline_wander_lowfreq,raw_rms,-0.03311165953920885
v110_hybrid,bad,bad_baseline_wander_lowfreq,raw_ptp_p99_p01,-0.7960122170786942
v110_hybrid,bad,bad_baseline_wander_lowfreq,raw_diff_abs_p95,-7.252029347629397
v110_hybrid,bad,bad_baseline_wander_lowfreq,rms,-1.1111638274383895
v110_hybrid,bad,bad_baseline_wander_lowfreq,std,-1.0954442083508014
v110_hybrid,bad,bad_baseline_wander_lowfreq,mean_abs,-0.8257232155753729
v110_hybrid,bad,bad_baseline_wander_lowfreq,ptp_p99_p01,-1.3792605947123528
v110_hybrid,bad,bad_baseline_wander_lowfreq,low_amp_ratio,-0.11267605633802756
v110_hybrid,bad,bad_baseline_wander_lowfreq,flatline_ratio,1.3333333333333248
v110_hybrid,bad,bad_baseline_wander_lowfreq,contact_loss_win_ratio,0.0
v110_hybrid,bad,bad_baseline_wander_lowfreq,baseline_step,-4.667122879080819
v110_hybrid,bad,bad_baseline_wander_lowfreq,diff_abs_p95,-6.50840076415002
v110_hybrid,bad,bad_baseline_wander_lowfreq,detail_instability,0.18598293783284195
v110_hybrid,bad,bad_baseline_wander_lowfreq,qrs_band_ratio,-1.650406091303794
v110_hybrid,bad,bad_baseline_wander_lowfreq,qrs_visibility,-0.6973699178078101
v110_hybrid,bad,bad_baseline_wander_lowfreq,qrs_prom_median,-1.5564160375331337
v110_hybrid,bad,bad_baseline_wander_lowfreq,qrs_prom_p90,-1.0411072417022622
v110_hybrid,bad,bad_baseline_wander_lowfreq,periodicity,-0.5680761353985198
v110_hybrid,bad,bad_baseline_wander_lowfreq,template_corr,-0.33868974238474236
v110_hybrid,bad,bad_baseline_wander_lowfreq,detector_agreement,0.5714285726843872
v110_hybrid,bad,bad_baseline_wander_lowfreq,non_qrs_rms_ratio,-4.52340115676164
v110_hybrid,bad,bad_baseline_wander_lowfreq,non_qrs_diff_p95,-6.50840076415002
v110_hybrid,bad,bad_baseline_wander_lowfreq,band_0p3_1,-3.515439589294313
v110_hybrid,bad,bad_baseline_wander_lowfreq,band_1_5,-4.438093326839746
v110_hybrid,bad,bad_baseline_wander_lowfreq,band_5_15,-7.829653117242716
v110_hybrid,bad,bad_baseline_wander_lowfreq,band_15_30,6.178642537394064
v110_hybrid,bad,bad_baseline_wander_lowfreq,band_30_45,-3.3648380647438043
v110_hybrid,bad,bad_baseline_wander_lowfreq,sqi_iSQI,0.5714285726843872
v110_hybrid,bad,bad_baseline_wander_lowfreq,sqi_bSQI,-3.8270754334472272
v110_hybrid,bad,bad_baseline_wander_lowfreq,sqi_pSQI,-3.935414322256305
v110_hybrid,bad,bad_baseline_wander_lowfreq,sqi_sSQI,10.817613801171825
v110_hybrid,bad,bad_baseline_wander_lowfreq,sqi_kSQI,0.9764829121931268
v110_hybrid,bad,bad_baseline_wander_lowfreq,sqi_fSQI,4.909719435973307
v110_hybrid,bad,bad_baseline_wander_lowfreq,sqi_basSQI,4.944270831271033
v110_hybrid,bad,bad_baseline_wander_lowfreq,hjorth_activity,-1.0710728605090876
v110_hybrid,bad,bad_baseline_wander_lowfreq,hjorth_mobility,-10.907391681265747
v110_hybrid,bad,bad_baseline_wander_lowfreq,hjorth_complexity,12.433162967334566
v110_hybrid,bad,bad_baseline_wander_lowfreq,sample_entropy_proxy,-10.817614264336232
v110_hybrid,bad,bad_baseline_wander_lowfreq,amplitude_entropy,-0.9764829121931318
v110_hybrid,bad,bad_baseline_wander_lowfreq,wavelet_e0,7.93813943178467
v110_hybrid,bad,bad_baseline_wander_lowfreq,wavelet_e1,-2.6817898790161236
v110_hybrid,bad,bad_baseline_wander_lowfreq,wavelet_e2,-4.026056737086197
v110_hybrid,bad,bad_baseline_wander_lowfreq,wavelet_e3,4.923035948107552
v110_hybrid,bad,bad_baseline_wander_lowfreq,wavelet_e4,-4.714034336413634
v110_hybrid,bad,bad_contact_reset_flatline,raw_rms,0.22522619814542555
v110_hybrid,bad,bad_contact_reset_flatline,raw_ptp_p99_p01,-0.07808368040025646
v110_hybrid,bad,bad_contact_reset_flatline,raw_diff_abs_p95,0.10587134685774963
v110_hybrid,bad,bad_contact_reset_flatline,rms,-0.5450843388602279
v110_hybrid,bad,bad_contact_reset_flatline,std,-0.5514511208519751
v110_hybrid,bad,bad_contact_reset_flatline,mean_abs,-0.43653892845529124
v110_hybrid,bad,bad_contact_reset_flatline,ptp_p99_p01,-0.4520939008325552
v110_hybrid,bad,bad_contact_reset_flatline,low_amp_ratio,-0.11811023622047197
v110_hybrid,bad,bad_contact_reset_flatline,flatline_ratio,-0.9956616052060739
v110_hybrid,bad,bad_contact_reset_flatline,contact_loss_win_ratio,0.0
v110_hybrid,bad,bad_contact_reset_flatline,baseline_step,-0.47771327928560925
v110_hybrid,bad,bad_contact_reset_flatline,diff_abs_p95,-0.3703627386910783
v110_hybrid,bad,bad_contact_reset_flatline,detail_instability,-1.739052041857492
v110_hybrid,bad,bad_contact_reset_flatline,qrs_band_ratio,-0.5921259135833055
v110_hybrid,bad,bad_contact_reset_flatline,qrs_visibility,-0.26777468694830125
v110_hybrid,bad,bad_contact_reset_flatline,qrs_prom_median,-0.27059000684693413
v110_hybrid,bad,bad_contact_reset_flatline,qrs_prom_p90,-0.4967286837032401
v110_hybrid,bad,bad_contact_reset_flatline,periodicity,0.6722081655527589
v110_hybrid,bad,bad_contact_reset_flatline,template_corr,0.8535131866103309
v110_hybrid,bad,bad_contact_reset_flatline,detector_agreement,0.5000000447034822
v110_hybrid,bad,bad_contact_reset_flatline,non_qrs_rms_ratio,-0.227184994599847
v110_hybrid,bad,bad_contact_reset_flatline,non_qrs_diff_p95,-0.3703627386910783
v110_hybrid,bad,bad_contact_reset_flatline,band_0p3_1,-1.1258092014681755
v110_hybrid,bad,bad_contact_reset_flatline,band_1_5,-1.9286515262311468
v110_hybrid,bad,bad_contact_reset_flatline,band_5_15,-0.9509732288903097
v110_hybrid,bad,bad_contact_reset_flatline,band_15_30,-0.2815753716776425
v110_hybrid,bad,bad_contact_reset_flatline,band_30_45,-0.3670804696239245
v110_hybrid,bad,bad_contact_reset_flatline,sqi_iSQI,0.5000000447034822
v110_hybrid,bad,bad_contact_reset_flatline,sqi_bSQI,0.007707169004589968
v110_hybrid,bad,bad_contact_reset_flatline,sqi_pSQI,0.0
v110_hybrid,bad,bad_contact_reset_flatline,sqi_sSQI,0.40386217410546815
v110_hybrid,bad,bad_contact_reset_flatline,sqi_kSQI,0.18635422208674612
v110_hybrid,bad,bad_contact_reset_flatline,sqi_fSQI,0.637174193501337
v110_hybrid,bad,bad_contact_reset_flatline,sqi_basSQI,0.5778300629231373
v110_hybrid,bad,bad_contact_reset_flatline,hjorth_activity,-0.4684842636952429
v110_hybrid,bad,bad_contact_reset_flatline,hjorth_mobility,-0.23608368791546325
v110_hybrid,bad,bad_contact_reset_flatline,hjorth_complexity,-0.3133767956352354
v110_hybrid,bad,bad_contact_reset_flatline,sample_entropy_proxy,-0.40386217410546815
v110_hybrid,bad,bad_contact_reset_flatline,amplitude_entropy,-0.18635422208674735
v110_hybrid,bad,bad_contact_reset_flatline,wavelet_e0,-0.28927381181617157
v110_hybrid,bad,bad_contact_reset_flatline,wavelet_e1,-0.03648992879701448
v110_hybrid,bad,bad_contact_reset_flatline,wavelet_e2,0.04359927752668512
v110_hybrid,bad,bad_contact_reset_flatline,wavelet_e3,-0.18604794645183909
v110_hybrid,bad,bad_contact_reset_flatline,wavelet_e4,-0.3374293685809071
v110_hybrid,bad,bad_low_qrs_visibility,raw_rms,0.5947646848846475
v110_hybrid,bad,bad_low_qrs_visibility,raw_ptp_p99_p01,-0.24940206313511823
v110_hybrid,bad,bad_low_qrs_visibility,raw_diff_abs_p95,-4.558350849798811
v110_hybrid,bad,bad_low_qrs_visibility,rms,-0.9567179582097077
v110_hybrid,bad,bad_low_qrs_visibility,std,-0.9371509462676632
v110_hybrid,bad,bad_low_qrs_visibility,mean_abs,-0.7544641403921263
v110_hybrid,bad,bad_low_qrs_visibility,ptp_p99_p01,-0.8397115586084236
v110_hybrid,bad,bad_low_qrs_visibility,low_amp_ratio,0.026666666666667456
v110_hybrid,bad,bad_low_qrs_visibility,flatline_ratio,0.7499999999999716
v110_hybrid,bad,bad_low_qrs_visibility,contact_loss_win_ratio,0.0
v110_hybrid,bad,bad_low_qrs_visibility,baseline_step,-4.296116311895512
v110_hybrid,bad,bad_low_qrs_visibility,diff_abs_p95,-5.226019102697165
v110_hybrid,bad,bad_low_qrs_visibility,detail_instability,0.2429847617486476
v110_hybrid,bad,bad_low_qrs_visibility,qrs_band_ratio,-0.9363799248311672
v110_hybrid,bad,bad_low_qrs_visibility,qrs_visibility,-0.24531358269714185
v110_hybrid,bad,bad_low_qrs_visibility,qrs_prom_median,-0.926386363613786
v110_hybrid,bad,bad_low_qrs_visibility,qrs_prom_p90,-0.7959121022204078
v110_hybrid,bad,bad_low_qrs_visibility,periodicity,-0.4918020821210704
v110_hybrid,bad,bad_low_qrs_visibility,template_corr,-0.29732568488036454
v110_hybrid,bad,bad_low_qrs_visibility,detector_agreement,0.2857142869701014
v110_hybrid,bad,bad_low_qrs_visibility,non_qrs_rms_ratio,-4.838873707172847
v110_hybrid,bad,bad_low_qrs_visibility,non_qrs_diff_p95,-5.226019102697165
v110_hybrid,bad,bad_low_qrs_visibility,band_0p3_1,-3.0792587828892923
v110_hybrid,bad,bad_low_qrs_visibility,band_1_5,-4.197828442511586
v110_hybrid,bad,bad_low_qrs_visibility,band_5_15,-5.787332251167559
v110_hybrid,bad,bad_low_qrs_visibility,band_15_30,4.492781881285699
v110_hybrid,bad,bad_low_qrs_visibility,band_30_45,-1.5487769122974555
v110_hybrid,bad,bad_low_qrs_visibility,sqi_iSQI,0.2857142869701014
v110_hybrid,bad,bad_low_qrs_visibility,sqi_bSQI,-6.243458145680382
v110_hybrid,bad,bad_low_qrs_visibility,sqi_pSQI,0.0
v110_hybrid,bad,bad_low_qrs_visibility,sqi_sSQI,8.75341280969928
v110_hybrid,bad,bad_low_qrs_visibility,sqi_kSQI,0.9378520350130966
v110_hybrid,bad,bad_low_qrs_visibility,sqi_fSQI,0.3518050137903177
v110_hybrid,bad,bad_low_qrs_visibility,sqi_basSQI,4.482278719634451
v110_hybrid,bad,bad_low_qrs_visibility,hjorth_activity,-0.9266946570506065
v110_hybrid,bad,bad_low_qrs_visibility,hjorth_mobility,-8.099599250529959
v110_hybrid,bad,bad_low_qrs_visibility,hjorth_complexity,9.896490954825309
v110_hybrid,bad,bad_low_qrs_visibility,sample_entropy_proxy,-8.753412284272166
v110_hybrid,bad,bad_low_qrs_visibility,amplitude_entropy,-0.937852035013094
v110_hybrid,bad,bad_low_qrs_visibility,wavelet_e0,9.415501994958245
v110_hybrid,bad,bad_low_qrs_visibility,wavelet_e1,-2.17302245401763
v110_hybrid,bad,bad_low_qrs_visibility,wavelet_e2,-2.8937137503917243
v110_hybrid,bad,bad_low_qrs_visibility,wavelet_e3,3.1192660985915284
v110_hybrid,bad,bad_low_qrs_visibility,wavelet_e4,-2.0205971723252394
v110_hybrid,bad,bad_highfreq_detail_noise,raw_rms,-6.492440773744838
v110_hybrid,bad,bad_highfreq_detail_noise,raw_ptp_p99_p01,13.53604466866253
v110_hybrid,bad,bad_highfreq_detail_noise,raw_diff_abs_p95,-34.39482507365598
v110_hybrid,bad,bad_highfreq_detail_noise,rms,8.958511684996122
v110_hybrid,bad,bad_highfreq_detail_noise,std,10.899764372572179
v110_hybrid,bad,bad_highfreq_detail_noise,mean_abs,8.967181581151706
v110_hybrid,bad,bad_highfreq_detail_noise,ptp_p99_p01,20.47978556375449
v110_hybrid,bad,bad_highfreq_detail_noise,low_amp_ratio,0.4536082474226805
v110_hybrid,bad,bad_highfreq_detail_noise,flatline_ratio,1.7499999999999718
v110_hybrid,bad,bad_highfreq_detail_noise,contact_loss_win_ratio,0.0
v110_hybrid,bad,bad_highfreq_detail_noise,baseline_step,17.02584675769667
v110_hybrid,bad,bad_highfreq_detail_noise,diff_abs_p95,-0.4686494292849317
v110_hybrid,bad,bad_highfreq_detail_noise,detail_instability,26.423885414494833
v110_hybrid,bad,bad_highfreq_detail_noise,qrs_band_ratio,14.996079407672221
v110_hybrid,bad,bad_highfreq_detail_noise,qrs_visibility,12.707503253346728
v110_hybrid,bad,bad_highfreq_detail_noise,qrs_prom_median,13.613522641921552
v110_hybrid,bad,bad_highfreq_detail_noise,qrs_prom_p90,16.04694497064905
v110_hybrid,bad,bad_highfreq_detail_noise,periodicity,-1.2597923648709237
v110_hybrid,bad,bad_highfreq_detail_noise,template_corr,-0.47676113347649424
v110_hybrid,bad,bad_highfreq_detail_noise,detector_agreement,0.4999999901976778
v110_hybrid,bad,bad_highfreq_detail_noise,non_qrs_rms_ratio,3.391415822429331
v110_hybrid,bad,bad_highfreq_detail_noise,non_qrs_diff_p95,-0.4686494292849317
v110_hybrid,bad,bad_highfreq_detail_noise,band_0p3_1,-1.9270540208678881
v110_hybrid,bad,bad_highfreq_detail_noise,band_1_5,-4.332896499139478
v110_hybrid,bad,bad_highfreq_detail_noise,band_5_15,-9.2347661990697
v110_hybrid,bad,bad_highfreq_detail_noise,band_15_30,172.98132622398583
v110_hybrid,bad,bad_highfreq_detail_noise,band_30_45,158.23298159512677
v110_hybrid,bad,bad_highfreq_detail_noise,sqi_iSQI,0.4999999901976778
v110_hybrid,bad,bad_highfreq_detail_noise,sqi_bSQI,-39.14769502693819
v110_hybrid,bad,bad_highfreq_detail_noise,sqi_pSQI,12.108795568076495
v110_hybrid,bad,bad_highfreq_detail_noise,sqi_sSQI,-5.592570827105869
v110_hybrid,bad,bad_highfreq_detail_noise,sqi_kSQI,-8.58907215524833
v110_hybrid,bad,bad_highfreq_detail_noise,sqi_fSQI,-1.0542205273391048
v110_hybrid,bad,bad_highfreq_detail_noise,sqi_basSQI,-15.350062619540921
v110_hybrid,bad,bad_highfreq_detail_noise,hjorth_activity,12.850276394807507
v110_hybrid,bad,bad_highfreq_detail_noise,hjorth_mobility,-198.29834604631452
v110_hybrid,bad,bad_highfreq_detail_noise,hjorth_complexity,130.4925286297799
v110_hybrid,bad,bad_highfreq_detail_noise,sample_entropy_proxy,5.592570834393743
v110_hybrid,bad,bad_highfreq_detail_noise,amplitude_entropy,8.589071883944868
v110_hybrid,bad,bad_highfreq_detail_noise,wavelet_e0,-1.8597629378266036
v110_hybrid,bad,bad_highfreq_detail_noise,wavelet_e1,-2.896361904801335
v110_hybrid,bad,bad_highfreq_detail_noise,wavelet_e2,0.3066723765813802
v110_hybrid,bad,bad_highfreq_detail_noise,wavelet_e3,-0.3700766973736742
v110_hybrid,bad,bad_highfreq_detail_noise,wavelet_e4,0.9964302927006998
v110_hybrid,bad,bad_other_boundary,raw_rms,-0.5236323584701
v110_hybrid,bad,bad_other_boundary,raw_ptp_p99_p01,0.417890913805888
v110_hybrid,bad,bad_other_boundary,raw_diff_abs_p95,-11.035524985791861
v110_hybrid,bad,bad_other_boundary,rms,-2.813526103433339
v110_hybrid,bad,bad_other_boundary,std,-2.8244302309756653
v110_hybrid,bad,bad_other_boundary,mean_abs,-2.8916596076887005
v110_hybrid,bad,bad_other_boundary,ptp_p99_p01,-1.7609329412448942
v110_hybrid,bad,bad_other_boundary,low_amp_ratio,-0.5789473684210521
v110_hybrid,bad,bad_other_boundary,flatline_ratio,3.333333333333301
v110_hybrid,bad,bad_other_boundary,contact_loss_win_ratio,0.0
v110_hybrid,bad,bad_other_boundary,baseline_step,3.525475133489956
v110_hybrid,bad,bad_other_boundary,diff_abs_p95,-9.702720320303506
v110_hybrid,bad,bad_other_boundary,detail_instability,6.633307718512255
v110_hybrid,bad,bad_other_boundary,qrs_band_ratio,-0.31062993012774065
v110_hybrid,bad,bad_other_boundary,qrs_visibility,0.8422457059453247
v110_hybrid,bad,bad_other_boundary,qrs_prom_median,-1.6989071408270002
v110_hybrid,bad,bad_other_boundary,qrs_prom_p90,-0.38704408159434045
v110_hybrid,bad,bad_other_boundary,periodicity,-0.8322918536317571
v110_hybrid,bad,bad_other_boundary,template_corr,-0.14797108204633938
v110_hybrid,bad,bad_other_boundary,detector_agreement,16666.666999999998
v110_hybrid,bad,bad_other_boundary,non_qrs_rms_ratio,15.969157341920129
v110_hybrid,bad,bad_other_boundary,non_qrs_diff_p95,-9.702720320303506
v110_hybrid,bad,bad_other_boundary,band_0p3_1,-1.7475675684689937
v110_hybrid,bad,bad_other_boundary,band_1_5,-4.433388267498026
v110_hybrid,bad,bad_other_boundary,band_5_15,-7.39432466952309
v110_hybrid,bad,bad_other_boundary,band_15_30,0.8715063504333949
v110_hybrid,bad,bad_other_boundary,band_30_45,3.867621708021198
v110_hybrid,bad,bad_other_boundary,sqi_iSQI,16666.666999999998
v110_hybrid,bad,bad_other_boundary,sqi_bSQI,-16.714051027535653
v110_hybrid,bad,bad_other_boundary,sqi_pSQI,0.7184123923502638
v110_hybrid,bad,bad_other_boundary,sqi_sSQI,-20.639313551946714
v110_hybrid,bad,bad_other_boundary,sqi_kSQI,3.196855053276344
v110_hybrid,bad,bad_other_boundary,sqi_fSQI,-3.1299689656506025
v110_hybrid,bad,bad_other_boundary,sqi_basSQI,-3.4013066988899125
v110_hybrid,bad,bad_other_boundary,hjorth_activity,-2.654466154566528
v110_hybrid,bad,bad_other_boundary,hjorth_mobility,-30.17000952888245
v110_hybrid,bad,bad_other_boundary,hjorth_complexity,3.454188225850875
v110_hybrid,bad,bad_other_boundary,sample_entropy_proxy,20.639276166105084
v110_hybrid,bad,bad_other_boundary,amplitude_entropy,-3.196853974109338
v110_hybrid,bad,bad_other_boundary,wavelet_e0,0.48160895465859876
v110_hybrid,bad,bad_other_boundary,wavelet_e1,-0.5583353736912908
v110_hybrid,bad,bad_other_boundary,wavelet_e2,55.33588109601262
v110_hybrid,bad,bad_other_boundary,wavelet_e3,-22.811110701419196
v110_hybrid,bad,bad_other_boundary,wavelet_e4,-1.4121489042778002
